<xml>
  <block type="inout_buildin_led" x="18" y="17">
    <title name="STAT">HIGH</title>
    <next>
      <block type="base_delay" inline="true">
        <value name="DELAY_TIME">
          <block type="math_number">
            <title name="NUM">1000</title>
          </block>
        </value>
        <next>
          <block type="inout_buildin_led">
            <title name="STAT">LOW</title>
            <next>
              <block type="base_delay" inline="true">
                <value name="DELAY_TIME">
                  <block type="math_number">
                    <title name="NUM">1000</title>
                  </block>
                </value>
              </block>
            </next>
          </block>
        </next>
      </block>
    </next>
  </block>
</xml>